,Ranking,World Rank,University,Country,Impact Rank,Openness Rank,Excellence Rank,World Ranking,Continental Ranking,Country Rank,Impact,Openness,Excellence
50,1,237,University of Cape Town,South Africa,262,246,290,237,1,1,262,246,290
0,2,392,University of the Witwatersrand,Zimbabwe,632,387,419,392,2,2,632,387,419
51,3,437,University of Pretoria,South Africa,597,506,499,437,3,3,597,506,499
1,4,441,Stellenbosch University,South Africa,671,350,500,441,4,4,671,350,500
52,5,521,Cairo University,Egypt,1589,675,253,521,4,1,1589,675,253
2,6,525,Alexandria University,Egypt,804,814,521,525,5,2,804,814,521
53,7,581,University of Kwazulu Natal,Kenya,1160,552,513,581,5,5,1160,552,513
3,8,612,University of Johannesburg,South Africa,1641,717,397,612,6,6,1641,717,397
54,9,781,University of South Africa,South Africa,1163,999,847,781,7,7,1163,999,847
4,10,883,Mansoura University,Egypt,3869,678,442,883,14,3,3869,678,442
55,11,896,Ain Shams University,Egypt,3208,725,548,896,15,4,3208,725,548
5,12,925,University of the Western Cape,South Africa,1244,958,1146,925,8,8,1244,958,1146
56,13,981,Future University,Egypt,447,2247,1840,981,17,5,447,2247,1840
6,14,1069,American University in Cairo,Egypt,951,1195,1659,1069,21,6,951,1195,1659
57,15,1069,University of Nairobi,Kenya,998,803,1725,1069,9,1,998,803,1725
7,16,1080,University of Ghana,Ghana,1980,827,1154,1080,10,1,1980,827,1154
58,17,1086,Makerere University,Uganda,1670,1251,1200,1086,11,1,1670,1251,1200
8,18,1089,Zagazig University,Egypt,5603,791,470,1089,23,7,5603,791,470
59,19,1107,University of the Free State,South Africa,2504,1116,962,1107,12,9,2504,1116,962
9,20,1136,Rhodes University,South Africa,1382,1209,1462,1136,13,10,1382,1209,1462
60,21,1138,University of Ibadan,Nigeria,2321,777,1156,1138,14,1,2321,777,1156
10,22,1158,Benha University,Egypt,3877,1140,731,1158,24,8,3877,1140,731
61,23,1173,Assiut University,Egypt,5088,805,635,1173,26,9,5088,805,635
11,24,1184,Addis Ababa University,Ethiopia,2435,1147,1137,1184,15,1,2435,1147,1137
62,25,1204,Al Azhar University,Egypt,6041,1189,514,1204,28,10,6041,1189,514
12,26,1293,University of Lagos,Nigeria,1895,1048,1629,1293,16,2,1895,1048,1629
63,27,1314,UniversitÃ© Cadi Ayyad Marrakech,Ethiopia,2987,1725,1131,1314,30,1,2987,1725,1131
13,28,1356,Tanta University,Egypt,6768,912,664,1356,31,11,6768,912,664
64,29,1375,Kwame Nkrumah University of Science & Technology,Sudan,3463,1012,1266,1375,17,2,3463,1012,1266
14,30,1381,University of Nigeria,Nigeria,3569,899,1285,1381,18,3,3569,899,1285
65,31,1402,University of Port Harcourt,Egypt,581,1496,3096,1402,19,4,581,1496,3096
15,32,1457,Covenant University Ota,Egypt,2902,1203,1536,1457,20,5,2902,1203,1536
66,33,1543,Obafemi Awolowo University,Tunisia,2341,1075,1965,1543,21,6,2341,1075,1965
16,34,1550,Université Mohammed V de Rabat,Ethiopia,6663,1179,871,1550,39,2,6663,1179,871
67,35,1575,Menoufia University,Egypt,8320,1135,689,1575,42,12,8320,1135,689
17,36,1582,Helwan University,Egypt,5484,1227,1103,1582,43,13,5484,1227,1103
68,37,1583,Kafr El Sheikh University,Sudan,7887,1171,747,1583,44,14,7887,1171,747
18,38,1626,Suez Canal University,Egypt,6287,1340,1005,1626,46,15,6287,1340,1005
69,39,1657,Cape Peninsula University of Technology,South Africa,1609,1740,2482,1657,22,11,1609,1740,2482
19,40,1685,Minia University,Egypt,7683,1403,872,1685,49,16,7683,1403,872
70,41,1689,North West University,Kenya,2032,8183,719,1689,23,12,2032,8183,719
20,42,1719,Egypt Japan University of Science & Technology,Nigeria,2009,2339,2246,1719,51,17,2009,2339,2246
71,43,1768,Tshwane University of Technology,South Africa,4835,1735,1475,1768,24,13,4835,1735,1475
21,44,1774,Durban University of Technology,South Africa,3406,1792,1885,1774,25,14,3406,1792,1885
72,45,1781,South Valley University,Egypt,5631,1517,1335,1781,54,18,5631,1517,1335
22,46,1854,Beni Suef University,Egypt,9521,1032,894,1854,57,19,9521,1032,894
73,47,1855,Arab Academy for Science & Technology and Maritime Transport,Uganda,4408,1707,1708,1855,58,20,4408,1707,1708
23,48,1869,University of Khartoum,Sudan,2906,1768,2250,1869,61,1,2906,1768,2250
74,49,1934,UniversitÃ© Hassan II de Casablanca,Ghana,9041,1561,965,1934,66,3,9041,1561,965
24,50,1938,Ladoke Akintola University of Technology,Nigeria,2226,1410,2781,1938,26,7,2226,1410,2781
75,51,1956,University of Cape Coast,Ghana,5006,1333,1835,1956,27,3,5006,1333,1835
25,52,1960,Ahmadu Bello University,Nigeria,4465,1222,2021,1960,28,8,4465,1222,2021
76,53,1973,University of Dar Es Salaam,"Tanzania, United Republic of",3341,1442,2401,1973,29,1,3341,1442,2401
26,54,2015,Université Sidi Mohammed Ben Abdellah Fes,Ghana,8076,1358,1287,2015,72,4,8076,1358,1287
77,55,2079,Federal University of Technology Akure,Uganda,6900,1201,1619,2079,30,9,6900,1201,1619
27,56,2085,British University in Egypt,Tunisia,5286,2537,1725,2085,73,21,5286,2537,1725
78,57,2114,Mohammed VI Polytechnic University,Ghana,7021,1666,1527,2114,77,5,7021,1666,1527
28,58,2133,Universidade Eduardo Mondlane,Mozambique,1170,5721,2950,2133,31,1,1170,5721,2950
79,59,2133,Kenyatta University,Kenya,2084,1494,3258,2133,32,2,2084,1494,3258
29,60,2139,University of Zimbabwe,Zimbabwe,4726,2026,2092,2139,33,1,4726,2026,2092
80,61,2179,Kampala International University,Uganda,1339,1838,3807,2179,34,2,1339,1838,3807
30,62,2185,Fayoum University,Egypt,8970,1777,1278,2185,79,22,8970,1777,1278
81,63,2228,Landmark University,Nigeria,5125,2157,2101,2228,35,10,5125,2157,2101
31,64,2229,Sudan University of Science & Technology,Sudan,1599,3124,3397,2229,82,2,1599,3124,3397
82,65,2287,Jimma University,Ethiopia,6047,2045,1979,2287,36,2,6047,2045,1979
32,66,2309,Bahir Dar University,Ethiopia,6428,2097,1927,2309,37,3,6428,2097,1927
83,67,2315,Federal University of Technology Minna,Nigeria,4357,1450,2682,2315,38,11,4357,1450,2682
33,68,2326,University of Fort Hare,South Africa,5267,1807,2344,2326,39,15,5267,1807,2344
84,69,2331,Aswan University,Ghana,10564,1957,1198,2331,89,23,10564,1957,1198
34,70,2379,University of Zambia,Zambia,4966,1609,2577,2379,40,1,4966,1609,2577
85,71,2405,UniversitÃ© Ibn Tofail KÃ©nitra,Nigeria,9491,2019,1425,2405,93,6,9491,2019,1425
35,72,2419,Université des Frères Mentouri Constantine 1 (Ex Université Mentouri),Ethiopia,5505,1355,2561,2419,94,1,5505,1355,2561
86,73,2439,UniversitÃ© des Sciences et de la Technologie Houari Boumediene,Kenya,7874,1498,1944,2439,95,2,7874,1498,1944
36,74,2461,Université Abou Bekr Belkaid Tlemcen,Tunisia,5372,2134,2482,2461,96,3,5372,2134,2482
87,75,2464,University of Mauritius,Mauritius,5649,2241,2373,2464,41,1,5649,2241,2373
37,76,2472,Jomo Kenyatta University of Agriculture and Technology,Kenya,4600,1509,2898,2472,42,3,4600,1509,2898
88,77,2484,University for Development Studies,Ghana,6064,2022,2369,2484,43,4,6064,2022,2369
38,78,2498,Université Moulay Ismail Meknès,Morocco,8991,2079,1671,2498,101,7,8991,2079,1671
89,79,2502,UniversitÃ© Ibnou Zohr d'Agadir,Tunisia,8734,1803,1793,2502,102,8,8734,1803,1793
39,80,2522,Bayero University Kano,Nigeria,8240,1597,1976,2522,44,12,8240,1597,1976
90,81,2526,Nnamdi Azikiwe University,Nigeria,7074,1326,2330,2526,45,13,7074,1326,2330
40,82,2542,Université Cheikh Anta Diop de Dakar,Nigeria,1092,8183,2601,2542,46,1,1092,8183,2601
91,83,2591,University of Rwanda,Egypt,4977,3702,2497,2591,47,1,4977,3702,2497
41,84,2601,Adekunle Ajasin University,Nigeria,2281,2800,3747,2601,48,14,2281,2800,3747
92,85,2605,Egerton University,Kenya,2339,2858,3715,2605,49,4,2339,2858,3715
42,86,2618,Port Said University,Tunisia,10110,1855,1674,2618,106,24,10110,1855,1674
93,87,2635,UniversitÃ© Amar Telidji de Laghouat,South Africa,3817,2539,3191,2635,108,4,3817,2539,3191
43,88,2655,Moi University,Kenya,4417,1880,3168,2655,50,5,4417,1880,3168
94,89,2680,University of Limpopo,South Africa,5867,2189,2720,2680,51,16,5867,2189,2720
44,90,2700,University of Calabar,Nigeria,8075,1235,2440,2700,52,15,8075,1235,2440
95,91,2708,Sokoine University of Agriculture,"Tanzania, United Republic of",5461,1309,3120,2708,53,2,5461,1309,3120
45,92,2714,University of Gondar,Egypt,9636,2251,1850,2714,54,4,9636,2251,1850
96,93,2728,UniversitÃ© Mohamed Khider Biskra,Tunisia,6973,1832,2588,2728,112,5,6973,1832,2588
46,94,2731,University of Botswana,Botswana,4866,4114,2701,2731,55,1,4866,4114,2701
97,95,2735,UniversitÃ© de Sfax,Zimbabwe,7159,8183,865,2735,113,1,7159,8183,865
47,96,2739,Mekelle University,Ethiopia,9218,2104,2004,2739,56,5,9218,2104,2004
98,97,2779,University Ferhat Abbas Setif,Ghana,8880,1703,2241,2779,116,6,8880,1703,2241
48,98,2793,German University in Cairo,Egypt,6028,2261,2842,2793,117,25,6028,2261,2842
99,99,2805,UniversitÃ© 08 Mai 1945 Guelma,Nigeria,6388,2184,2776,2805,118,7,6388,2184,2776
49,100,2805,Damietta University,Egypt,10666,1726,1905,2805,119,26,10666,1726,1905
100,101,2828,Nelson Mandela University,South Africa,3792,8183,1662,2828,57,17,3792,8183,1662
101,102,2828,Olabisi Onabanjo University (Ogun State University),Uganda,3967,1854,3680,2828,58,16,3967,1854,3680
102,103,2882,Djillali Liabes university of Sidi Bel Abbes,South Africa,9975,2235,2059,2882,123,8,9975,2235,2059
103,104,2901,University of Venda,South Africa,6572,2341,2880,2901,59,18,6572,2341,2880
104,105,2913,University of Benin,Nigeria,6903,1426,3056,2913,60,17,6903,1426,3056
105,106,2947,Federal University Oye Ekiti Ekiti State,Egypt,4322,1963,3786,2947,61,18,4322,1963,3786
106,107,2975,Université Kasdi Merbah Ouargla,Algeria,6301,2435,3104,2975,127,9,6301,2435,3104
107,108,3018,Federal University of Agriculture Abeokuta,Nigeria,8590,1399,2838,3018,62,19,8590,1399,2838
108,109,3038,Université de Dschang,Cameroon,10318,2578,2222,3038,63,1,10318,2578,2222
109,110,3041,Sefako Makgatho Health Sciences University,South Africa,9273,3373,2270,3041,64,19,9273,3373,2270
110,111,3042,University of Ilorin,Nigeria,5642,8183,1522,3042,65,20,5642,8183,1522
111,112,3048,Université Chouaib Eddoukali,Ethiopia,9925,2541,2315,3048,130,9,9925,2541,2315
112,113,3056,Université Badji Mokhtar de Annaba,Zimbabwe,11022,2092,2193,3056,131,10,11022,2092,2193
113,114,3059,Hawassa University (Debub University),Kenya,10058,3096,2193,3059,66,6,10058,3096,2193
114,115,3073,Université de Tébessa,Sudan,6700,2873,3035,3073,132,11,6700,2873,3035
115,116,3085,Mbarara University of Science and Technology,Uganda,6237,3309,3096,3085,67,3,6237,3309,3096
116,117,3097,Sohag University,Egypt,6747,8183,1345,3097,134,27,6747,8183,1345
117,118,3100,Nile University,Egypt,8344,3391,2561,3100,135,28,8344,3391,2561
118,119,3100,Zewail City of Science and Technology,Nigeria,11070,2859,2072,3100,136,29,11070,2859,2072
119,120,3136,Muhimbili University of Health and Allied Sciences,Nigeria,7781,2512,2919,3136,68,3,7781,2512,2919
120,121,3156,University of Zululand,South Africa,7369,3080,2936,3156,69,20,7369,3080,2936
121,122,3159,Namibia University of Science and Technology (Polytechnic of Namibia),South Africa,4561,3347,3747,3159,70,1,4561,3347,3747
122,123,3196,Lagos State University,Nigeria,6895,2075,3389,3196,71,21,6895,2075,3389
123,124,3206,Université d'Abomey Calavi,Sudan,8878,2904,2701,3206,72,1,8878,2904,2701
124,125,3219,Botswana International University of Science & Technology,Botswana,9228,2564,2741,3219,73,2,9228,2564,2741
125,126,3222,Haramaya University (Alemaya),Egypt,10049,2987,2474,3222,74,7,10049,2987,2474
126,127,3229,Université de Tunis El Manar,Tunisia,9793,8183,1015,3229,146,2,9793,8183,1015
127,128,3229,Vaal University of Technology,South Africa,5863,3652,3409,3229,75,21,5863,3652,3409
128,129,3232,Ekiti State University Ado Ekiti (University of Ado Ekiti),South Africa,6329,1733,3715,3232,76,22,6329,1733,3715
129,130,3257,Institution de la Recherche et de l'Enseignement Supérieur Agricoles,Zimbabwe,8210,3551,2824,3257,150,3,8210,3551,2824
130,131,3281,Federal University of Technology Owerri,Ethiopia,7630,1738,3422,3281,77,23,7630,1738,3422
131,132,3298,University of Benghazi (University of Garyounis),Zimbabwe,5641,2278,3863,3298,152,1,5641,2278,3863
132,133,3308,Pharos University in Alexandria,Tunisia,6196,3307,3496,3308,153,30,6196,3307,3496
133,134,3359,MISR University for Science & Technology,Kenya,7582,2830,3281,3359,157,31,7582,2830,3281
134,135,3372,Université M'Hamed Bougara de Boumerdes,Ethiopia,11170,2067,2647,3372,158,12,11170,2067,2647
135,136,3374,University of Sadat City,Kenya,11609,2087,2561,3374,159,32,11609,2087,2561
136,137,3378,Delta University for Science & Technology,Uganda,11850,3269,2275,3378,160,33,11850,3269,2275
137,138,3395,University of Uyo,Nigeria,8684,1659,3369,3395,78,24,8684,1659,3369
138,139,3403,Université de M'Sila,Sudan,2806,8183,2976,3403,161,13,2806,8183,2976
139,140,3410,University of Jos,Nigeria,7194,1583,3786,3410,79,25,7194,1583,3786
140,141,3410,Université Sultan Moulay Slimane Beni Mellal,Kenya,9379,5785,2285,3410,162,10,9379,5785,2285
141,142,3423,Central University of Technology,South Africa,6551,3387,3549,3423,80,22,6551,3387,3549
142,143,3441,Al Akhawayn University Ifrane,Ghana,3957,3654,4303,3441,166,11,3957,3654,4303
143,144,3448,Ghana Institute of Management and Public Administration,Ethiopia,6620,3723,3496,3448,81,5,6620,3723,3496
144,145,3479,Université Abdelhamid Ibn Badis Mostaganem,Ghana,6252,2280,3973,3479,169,14,6252,2280,3973
145,146,3493,Université des Sciences et de la Technologie d'Oran Mohamed Boudiaf,Zimbabwe,10554,2424,2891,3493,171,15,10554,2424,2891
146,147,3511,October University for Modern Sciences and Arts MSA,Uganda,9842,2847,2976,3511,172,34,9842,2847,2976
147,148,3519,University of Education Winneba,Sudan,7802,3087,3445,3519,82,6,7802,3087,3445
148,149,3525,University of Buea,Ethiopia,10176,2415,3020,3525,83,2,10176,2415,3020
149,150,3527,Federal University Dutse Jigawa State,Tunisia,11776,3180,2534,3527,84,26,11776,3180,2534
150,151,3541,Damanhour University,Egypt,10488,7743,1550,3541,175,35,10488,7743,1550
151,152,3545,Université Internationale de Rabat,Nigeria,8754,3427,3168,3545,176,12,8754,3427,3168
152,153,3556,Maseno University,Kenya,5381,2172,4372,3556,85,6,5381,2172,4372
153,154,3574,Université de Monastir,Tunisia,11301,8183,1167,3574,178,4,11301,8183,1167
154,155,3576,Kwara State University,Nigeria,6198,2726,4066,3576,86,27,6198,2726,4066
155,156,3579,Walter Sisulu University,Sudan,7357,3223,3645,3579,87,23,7357,3223,3645
156,157,3606,Université Mohammed Premier Oujda,Morocco,9323,8183,1504,3606,180,13,9323,8183,1504
157,158,3614,Strathmore University Nairobi,Ghana,2732,4324,4900,3614,88,7,2732,4324,4900
158,159,3646,Université de Carthage (7 de Novembre),Zimbabwe,11593,8183,1220,3646,184,5,11593,8183,1220
159,160,3652,Arba Minch University,Ethiopia,12198,3324,2643,3652,89,8,12198,3324,2643
160,161,3662,Université Hassiba Benbouali de Chlef,Zimbabwe,10253,2605,3232,3662,187,16,10253,2605,3232
161,162,3689,Usmanu Danfodiyo University,Zimbabwe,10172,1919,3457,3689,90,28,10172,1919,3457
162,163,3689,University of Malawi,Malawi,11218,6100,2280,3689,91,1,11218,6100,2280
163,164,3707,Midlands State University,Zimbabwe,5994,3194,4229,3707,92,2,5994,3194,4229
164,165,3720,Université Saad Dahlab Blida,Nigeria,11108,2952,3056,3720,189,17,11108,2952,3056
165,166,3729,University of Namibia,Namibia,4666,8183,2871,3729,93,2,4666,8183,2871
166,167,3789,University of Abuja,Nigeria,8297,1893,4066,3789,94,29,8297,1893,4066
167,168,3789,Ecole Mohammadia d'Ingenieurs,Egypt,9560,4189,3258,3789,194,14,9560,4189,3258
168,169,3792,Université Abdelmalek Essaadi,Sudan,8099,8183,2025,3792,195,15,8099,8183,2025
169,170,3799,Université de Skikda,Algeria,12006,2875,3020,3799,196,18,12006,2875,3020
170,171,3812,(3) Université de Tunis el Manar Ecole Nationale d'Ingénieurs de Tunis,Tunisia,13812,4034,2428,3812,197,6,13812,4034,2428
171,172,3855,Université Larbi Ben Mhidi de Oum El Bouaghi,Zimbabwe,10994,2617,3422,3855,202,19,10994,2617,3422
172,173,3866,Technical University of Kenya,Kenya,6477,2843,4423,3866,95,8,6477,2843,4423
173,174,3869,University of Tripoli (Al Fateh University),Egypt,12629,1797,3269,3869,204,2,12629,1797,3269
174,175,3915,MISR International University,Uganda,9815,3538,3562,3915,210,36,9815,3538,3562
175,176,3964,October 6 University,Nigeria,10658,2742,3630,3964,212,37,10658,2742,3630
176,177,4010,Delta State University Nigeria,Zimbabwe,9324,1831,4202,4010,96,30,9324,1831,4202
177,178,4040,Université Ibn Khaldoun Tiaret,South Africa,13684,2912,3064,4040,215,20,13684,2912,3064
178,179,4048,Université de Mascara,Nigeria,14910,2610,2898,4048,217,21,14910,2610,2898
179,180,4083,Copperbelt University,Zambia,10958,3933,3549,4083,97,2,10958,3933,3549
180,181,4090,University of Dodoma,"Tanzania, United Republic of",10113,2872,3973,4090,98,4,10113,2872,3973
181,182,4102,Osun State University,Nigeria,10183,2128,4114,4102,99,31,10183,2128,4114
182,183,4114,Université de Batna 2,Kenya,14176,2433,3232,4114,219,22,14176,2433,3232
183,184,4131,Université de Ngaoundéré,Cameroon,11715,5168,3191,4131,100,3,11715,5168,3191
184,185,4145,École Nationale Polytechnique d'Alger,Ethiopia,12564,3185,3496,4145,221,23,12564,3185,3496
185,186,4154,Ebonyi State University,Nigeria,11575,2115,3946,4154,101,32,11575,2115,3946
186,187,4171,Federal University of Petroleum Resources Effurun,Uganda,9742,3542,4066,4171,102,33,9742,3542,4066
187,188,4172,Nahda University,Kenya,13043,4268,3180,4172,223,38,13043,4268,3180
188,189,4180,Kyambogo University,Uganda,8646,3961,4229,4180,103,4,8646,3961,4229
189,190,4185,Université de Bouira,Ghana,8386,3091,4479,4185,224,24,8386,3091,4479
190,191,4185,Université d'Oran 1 Ahmed Ben Bella,Zimbabwe,7024,8183,2988,4185,225,25,7024,8183,2988
191,192,4188,Misurata University (Misrata University),Sudan,10571,3826,3863,4188,226,3,10571,3826,3863
192,193,4256,Gezira University,Uganda,12444,3470,3661,4256,231,3,12444,3470,3661
193,194,4265,Université de Bejaia,Kenya,8608,8183,2745,4265,232,26,8608,8183,2745
194,195,4329,Université de Yaounde I,Kenya,15842,7939,1674,4329,104,4,15842,7939,1674
195,196,4329,Université de Tunis,Tunisia,12083,8183,2122,4329,235,7,12083,8183,2122
196,197,4362,University of Maroua,Zimbabwe,13678,5672,3096,4362,105,5,13678,5672,3096
197,198,4369,Higher Technological Institute,Egypt,12925,5369,3369,4369,237,39,12925,5369,3369
198,199,4395,Omar Al Mukhtar University,Uganda,7293,3242,5031,4395,239,4,7293,3242,5031
199,200,4403,Gulu University,Uganda,11573,4475,3912,4403,106,5,11573,4475,3912
200,201,4426,Badr University in Cairo,Egypt,13348,4821,3496,4426,242,40,13348,4821,3496
201,202,4436,National University of Science & Technology,Kenya,9895,3095,4585,4436,107,3,9895,3095,4585
202,203,4462,Université Ziane Achour de Djelfa,Nigeria,5078,8183,4100,4462,243,27,5078,8183,4100
203,204,4473,Université de la Manouba,Tunisia,13548,8183,2092,4473,245,8,13548,8183,2092
204,205,4486,Université Félix Houphouët Boigny (Université de Cocody Abidjan),Uganda,11572,6504,3533,4486,108,1,11572,6504,3533
205,206,4513,University of Mines & Technology Tarkwa,Ghana,10852,4052,4327,4513,109,7,10852,4052,4327
206,207,4536,Université de Lomé,Togo,10749,5962,3946,4536,110,1,10749,5962,3946
207,208,4540,Egyptian Russian University,Nigeria,15067,3843,3533,4540,250,41,15067,3843,3533
208,209,4554,École National Supérieure de l'Informatique (ex-INI),Sudan,12365,3795,4133,4554,251,28,12365,3795,4133
209,210,4558,Military Technical College,Egypt,15592,3755,3473,4558,252,42,15592,3755,3473
210,211,4563,Université de Kinshasa,"Congo, the Democratic Republic of the",17907,3448,3056,4563,111,1,17907,3448,3056
211,212,4568,Suez University,Ghana,24399,4033,1567,4568,253,43,24399,4033,1567
212,213,4602,Heliopolis University (Sekem University),Ghana,12485,5873,3747,4602,259,44,12485,5873,3747
213,214,4603,Sinai University,Egypt,14577,4032,3734,4603,260,45,14577,4032,3734
214,215,4627,Université Taher Moulay de Saida,Ethiopia,13277,3438,4160,4627,261,29,13277,3438,4160
215,216,4631,Busitema University,Uganda,13573,3955,4016,4631,112,6,13573,3955,4016
216,217,4639,Debre Markos University,Ethiopia,17622,3987,3148,4639,113,9,17622,3987,3148
217,218,4648,Université d'Antananarivo,Madagascar,9286,8183,3311,4648,114,1,9286,8183,3311
218,219,4650,(3) Université Hassan II Mohammedia Faculté des Sciences et Techniques Mohammadia,Ethiopia,16679,4250,3329,4650,262,16,16679,4250,3329
219,220,4671,Université Hassan I Settat,South Africa,11111,8183,2941,4671,265,17,11111,8183,2941
220,221,4674,Niger Delta University,Nigeria,9254,2650,5152,4674,115,34,9254,2650,5152
221,222,4684,Université Mouloud Mammeri de Tizi Ouzou,Algeria,8442,8183,3606,4684,267,30,8442,8183,3606
222,223,4693,Masinde Muliro University of Science & Technology,Zimbabwe,9558,2878,5104,4693,116,9,9558,2878,5104
223,224,4696,Universidade de Cabo Verde (ex-ISE),Tunisia,4249,5736,5641,4696,117,1,4249,5736,5641
224,225,4709,Wollo University,Ethiopia,19258,3840,3001,4709,118,10,19258,3840,3001
225,226,4712,Ambrose Alli University Ekpoma,Egypt,9540,3284,5062,4712,119,35,9540,3284,5062
226,227,4716,Université de Constantine 3,Ethiopia,12657,3447,4479,4716,269,31,12657,3447,4479
227,228,4725,Université de Gabes,Kenya,15965,8183,2062,4725,270,9,15965,8183,2062
228,229,4738,(3) Université de Tunis Institut Supérieur de Gestion de Tunis,Sudan,16936,5209,3244,4738,272,10,16936,5209,3244
229,230,4753,University of Maiduguri,Nigeria,9055,8183,3592,4753,120,36,9055,8183,3592
230,231,4766,American University of Nigeria,Egypt,8474,4936,5062,4766,121,37,8474,4936,5062
231,232,4784,Université Mohamed Chérif Messaadia de Souk-Ahras,Egypt,14527,3581,4202,4784,276,32,14527,3581,4202
232,233,4810,Kumasi Technical University,Ghana,14474,4102,4181,4810,122,8,14474,4102,4181
233,234,4812,Horus University,Sudan,18834,5554,2936,4812,278,46,18834,5554,2936
234,235,4821,Bindura University of Science Education,Zimbabwe,11828,3667,4833,4821,123,4,11828,3667,4833
235,236,4823,African University of Science & Technology Abuja,Ghana,11779,5933,4349,4823,124,38,11779,5933,4349
236,237,4836,National Open University of Nigeria,Nigeria,5930,8183,4556,4836,125,39,5930,8183,4556
237,238,4841,MTI University (Modern University for Technology and Information),Uganda,13483,5187,4202,4841,284,47,13483,5187,4202
238,239,4845,Imo State University Owerri,Egypt,11249,2456,5152,4845,126,40,11249,2456,5152
239,240,4845,National University of Lesotho,Lesotho,10117,4035,5062,4845,127,1,10117,4035,5062
240,241,4865,Wolaita Sodo University,Ethiopia,17350,4767,3533,4865,128,11,17350,4767,3533
241,242,4865,(3) Université de Carthage Faculté des Sciences de Bizerte,Ghana,20747,4618,2832,4865,286,11,20747,4618,2832
242,243,4871,Chinhoyi University of Technology,Zimbabwe,11960,4228,4762,4871,129,5,11960,4228,4762
243,244,4872,Modibbo Adama University of Technology Yola (Federal University of Technology),Tunisia,13501,3554,4585,4872,130,41,13501,3554,4585
244,245,4879,Deraya University,Egypt,19050,3994,3397,4879,288,48,19050,3994,3397
245,246,4900,Redeemer's University,Zimbabwe,9398,8183,3831,4900,131,42,9398,8183,3831
246,247,4918,Cross River State University of Science & Technology Calabar,Kenya,12544,4299,4731,4918,132,43,12544,4299,4731
247,248,4921,(3) Université de Carthage Institut National des Sciences Appliquées et de la Technologie,Uganda,18302,5019,3409,4921,290,12,18302,5019,3409
248,249,4931,Ahram Canadian University,Kenya,14008,5453,4202,4931,291,49,14008,5453,4202
249,250,4935,Mzuzu University,Malawi,11279,5891,4655,4935,133,2,11279,5891,4655
250,251,4945,Abubakar Tafawa Balewa University,Nigeria,9206,8183,3973,4945,134,44,9206,8183,3973
251,252,4951,Open University of Tanzania,"Tanzania, United Republic of",4495,6094,5861,4951,135,5,4495,6094,5861
252,253,4957,Université d'Eloued,South Africa,11525,8183,3483,4957,293,33,11525,8183,3483
253,254,4963,Catholic University of Health and Allied Sciences (Weill Bugando University College),Kenya,14003,4216,4535,4963,136,6,14003,4216,4535
254,255,4970,Université de Constantine 2,Egypt,13486,3865,4731,4970,296,34,13486,3865,4731
255,256,4982,Neelain University,Sudan,13798,5331,4372,4982,299,4,13798,5331,4372
256,257,5015,Institut National Polytechnique Félix Houphouët Boigny,Tunisia,12253,6366,4479,5015,137,2,12253,6366,4479
257,258,5019,Kogi State University,Nigeria,12697,3327,5031,5019,138,45,12697,3327,5031
258,259,5036,Mzumbe University,Tunisia,7309,3963,5778,5036,139,7,7309,3963,5778
259,260,5062,Université de Ghardaia,Uganda,15828,4318,4349,5062,303,35,15828,4318,4349
260,261,5065,Great Zimbabwe University,Zimbabwe,12573,4163,4991,5065,140,6,12573,4163,4991
261,262,5069,Université de Jijel,Ghana,13152,8183,3389,5069,306,36,13152,8183,3389
262,263,5088,Institut Agronomique et Veterinaire Hassan II,Zimbabwe,9464,8183,4181,5088,311,18,9464,8183,4181
263,264,5105,Omdurman Islamic University,Sudan,13334,5656,4617,5105,314,5,13334,5656,4617
264,265,5119,Ardhi University,Kenya,9590,6691,5062,5119,141,8,9590,6691,5062
265,266,5127,Kabale University,Zimbabwe,14387,3709,4862,5127,142,7,14387,3709,4862
266,267,5151,Institut National des Postes et Telecommunications Maroc,Tunisia,13326,5870,4655,5151,318,19,13326,5870,4655
267,268,5165,Université Ahmed Draia d'Adrar,Kenya,14981,4671,4617,5165,322,37,14981,4671,4617
268,269,5177,Université de Batna 1,Zimbabwe,9133,8183,4423,5177,323,38,9133,8183,4423
269,270,5193,University of Zawia,Nigeria,15061,3494,4900,5193,325,5,15061,3494,4900
270,271,5227,Université Gaston Berger de Saint Louis,Ghana,9226,8183,4508,5227,143,2,9226,8183,4508
271,272,5251,Universite Joseph Ki-Zerbo,South Africa,18993,5491,3831,5251,144,1,18993,5491,3831
272,273,5258,Federal University of Agriculture Makurdi,South Africa,11127,2949,5641,5258,145,46,11127,2949,5641
273,274,5327,Université d'Alger 1,Tunisia,8727,8183,4794,5327,333,39,8727,8183,4794
274,275,5346,Uganda Martyrs University,Egypt,8967,7256,5315,5346,146,8,8967,7256,5315
275,276,5370,Université du Burundi,Burundi,12878,5799,5104,5370,147,1,12878,5799,5104
276,277,5383,Rivers State University of Science & Technology,Egypt,2877,8183,6035,5383,148,47,2877,8183,6035
277,278,5402,(3) Université Hassan II Aïn Chock École Nationale Supérieure d'Electricite et de Mécanique,Zimbabwe,18313,4768,4400,5402,337,20,18313,4768,4400
278,279,5412,Université Mohamed El Bachir El Ibrahim Bordj Bou Arréridj,Zimbabwe,15789,8183,3483,5412,338,40,15789,8183,3483
279,280,5417,Ecole Nationale de Medecine Veterinaire de Sidi Thabet,Kenya,8577,8183,4954,5417,339,13,8577,8183,4954
280,281,5438,Sebha University /Sabha University,Ethiopia,12146,8183,4274,5438,340,6,12146,8183,4274
281,282,5452,Université de Jendouba,Tunisia,16673,8183,3369,5452,341,14,16673,8183,3369
282,283,5452,(3) Université de Carthage Ecole Polytechnique de Tunisie,Kenya,19670,6963,3592,5452,342,15,19670,6963,3592
283,284,5479,University of Sierra Leone,Sierra Leone,15212,7775,4133,5479,149,1,15212,7775,4133
284,285,5503,International University of Africa,Uganda,10096,6512,5527,5503,346,6,10096,6512,5527
285,286,5537,Botswana University of Agriculture and Natural Resources,Egypt,15402,3066,5362,5537,150,3,15402,3066,5362
286,287,5541,University of The Gambia,Tunisia,14852,5478,5062,5541,151,1,14852,5478,5062
287,288,5553,Federal University Lokoja Kogi State,South Africa,2401,2860,7237,5553,152,48,2401,2860,7237
288,289,5592,Université de Ahmed Zabana Relizane/ University of Relizane,Nigeria,23266,4137,3786,5592,348,41,23266,4137,3786
289,290,5612,University of Bahri (University of Juba Khartoum),Egypt,15954,5734,4930,5612,350,7,15954,5734,4930
290,291,5626,Université Mohammed VI des Sciences de la Santé,Egypt,14518,7564,4617,5626,352,21,14518,7564,4617
291,292,5646,Ecole Nationale d'Agriculture de Meknes,Ghana,11002,8183,4833,5646,354,22,11002,8183,4833
292,293,5652,Université de Lubumbashi,"Congo, the Democratic Republic of the",16945,6562,4585,5652,153,2,16945,6562,4585
293,294,5657,Joseph Ayo Babalola University,Nigeria,13068,5390,5457,5657,154,49,13068,5390,5457
294,295,5671,Africa University,Zimbabwe,6983,7306,5957,5671,155,7,6983,7306,5957
295,296,5682,Université de Gafsa,Tunisia,17370,8183,3576,5682,356,16,17370,8183,3576
296,297,5733,Catholic University of Eastern Africa,Kenya,6445,6415,6291,5733,156,10,6445,6415,6291
297,298,5739,Faculte des Sciences et Techniques de Tanger,Ethiopia,11966,8183,4762,5739,358,23,11966,8183,4762
298,299,5755,École Nationale Supérieure Vétérinaire d'Alger,Zimbabwe,17186,5926,4862,5755,360,42,17186,5926,4862
299,300,5776,Godfrey Okoye University,Nigeria,2536,4093,7237,5776,157,50,2536,4093,7237
300,301,5791,Modern Academy for Engineering and Technology,Sudan,17119,7005,4585,5791,361,50,17119,7005,4585
301,302,5810,École Nationale Supérieure Agronomique,Ghana,16623,4980,5188,5810,362,43,16623,4980,5188
302,303,5839,Université de Douala,Cameroon,19328,8183,3435,5839,158,6,19328,8183,3435
303,304,5851,Ghana Communication Technology University GCTU,Nigeria,14948,4617,5527,5851,159,9,14948,4617,5527
304,305,5859,Abia State University Uturu,South Africa,11457,3254,6156,5859,160,51,11457,3254,6156
305,306,5897,Université Catholique de Bukavu,"Congo, the Democratic Republic of the",18922,6547,4556,5897,161,3,18922,6547,4556
306,307,5901,Université de Kairouan,Tunisia,18179,8183,3772,5901,365,17,18179,8183,3772
307,308,5937,Libyan International Medical University,South Africa,10034,5926,6035,5937,368,7,10034,5926,6035
308,309,5941,Université de Khemis Miliana,Uganda,16554,3645,5527,5941,369,44,16554,3645,5527
309,310,5946,University of Elmergib,Zimbabwe,17842,3631,5362,5946,370,8,17842,3631,5362
310,311,5950,Université d'El Tarf (Centre Universitaire d'El Tarf),Uganda,17277,4472,5315,5950,371,45,17277,4472,5315
311,312,5956,(3) Université Moulay Ismail École Nationale Supérieure d'Arts et Métiers Meknès,Sudan,17924,8183,3895,5956,372,24,17924,8183,3895
312,313,5969,(3) Université Abdelmalek Essaadi École Nationale des Sciences Appliquées Tanger,Zimbabwe,14628,8183,4556,5969,373,25,14628,8183,4556
313,314,5993,Muranga University of Technology,Ethiopia,2954,4772,7237,5993,162,11,2954,4772,7237
314,315,5993,(3) Université Hassan I Settat Faculté des Sciences et Techniques de Settat,Egypt,17959,8183,3946,5993,375,26,17959,8183,3946
315,316,6013,École Nationale de l'Industrie Minerale,Tunisia,13732,7442,5270,6013,377,27,13732,7442,5270
316,317,6016,Université Dr Yahia Farès de Médéa,Kenya,15098,8183,4535,6016,378,46,15098,8183,4535
317,318,6023,SIMAD University Mogadishu,Kenya,11500,5847,5957,6023,379,1,11500,5847,5957
318,319,6025,United States International University,United States,3186,4623,7237,6025,163,12,3186,4623,7237
319,320,6044,(3) Université Hassan II Mohammedia École Normale Supérieure de l'Enseignement Technique Mohammedia,Egypt,14999,8183,4585,6044,380,28,14999,8183,4585
320,321,6052,Université de Bamenda,Cameroon,19573,8183,3697,6052,164,7,19573,8183,3697
321,322,6072,Ecole Nationale des Sciences Appliquees de Agadir,Sudan,17270,8183,4181,6072,382,29,17270,8183,4181
322,323,6083,(3) Université de Gabès École Nationale d'Ingénieur de Gabès,Zimbabwe,23443,7247,3576,6083,384,18,23443,7247,3576
323,324,6084,State University of Zanzibar,South Africa,2296,6429,7237,6084,165,9,2296,6429,7237
324,325,6112,Ashesi University,Ghana,6304,8183,6035,6112,166,10,6304,8183,6035
325,326,6132,Lupane State University,Zimbabwe,14970,6253,5527,6132,167,8,14970,6253,5527
326,327,6141,Daystar University,Kenya,9017,5292,6426,6141,168,13,9017,5292,6426
327,328,6171,Alzaiem Alazhari University,Ethiopia,18374,6160,5104,6171,389,8,18374,6160,5104
328,329,6179,University of Embu,Egypt,4353,3636,7237,6179,170,14,4353,3636,7237
329,330,6205,New Giza University,Uganda,15925,8183,4617,6205,390,51,15925,8183,4617
330,331,6213,University of Science & Technology Omdurman,Tunisia,3354,5455,7237,6213,391,9,3354,5455,7237
331,332,6221,Harare Institute Technology,Ethiopia,13579,6622,5709,6221,171,9,13579,6622,5709
332,333,6249,Kenya Methodist University,Kenya,1657,7799,7237,6249,172,15,1657,7799,7237
333,334,6257,Université de Béchar,South Africa,16010,8183,4655,6257,393,47,16010,8183,4655
334,335,6260,University of Eswatini,South Africa,11341,8183,5415,6260,173,1,11341,8183,5415
335,336,6260,Matrouh University,Uganda,23509,6315,4133,6260,394,52,23509,6315,4133
336,337,6305,Njala University Sierra Leone,South Africa,16528,5084,5641,6305,174,2,16528,5084,5641
337,338,6314,Mount Kenya University,Kenya,4317,4486,7237,6314,175,16,4317,4486,7237
338,339,6351,ESPRIT,Sudan,15057,6147,5709,6351,397,19,15057,6147,5709
339,340,6369,(1) Kebbi State University of Science and Technology KSUSTA,Nigeria,15387,7088,5457,6369,176,52,15387,7088,5457
340,341,6401,Tumaini University Makumira,Uganda,15068,8183,4991,6401,177,10,15068,8183,4991
341,342,6416,Skyline University Nigeria,Kenya,2616,7231,7237,6416,178,53,2616,7231,7237
342,343,6458,École Nationale Supérieure de l'Hydraulique de Blida,Sudan,16965,6001,5583,6458,402,48,16965,6001,5583
343,344,6476,Université de Parakou,Nigeria,17892,8183,4585,6476,179,2,17892,8183,4585
344,345,6482,Islamic University in Uganda,Uganda,12772,7564,5778,6482,180,9,12772,7564,5778
345,346,6519,Universite de Sousse,Egypt,29940,8183,1504,6519,405,20,29940,8183,1504
346,347,6530,Universidade Católica de Moçambique,Mozambique,10948,8183,5709,6530,181,2,10948,8183,5709
347,348,6541,Ecole Nationale Superieure d'Ingenieurs de Tunis,South Africa,22773,8183,3645,6541,407,21,22773,8183,3645
348,349,6557,Mulungushi University,Zambia,13773,6165,6035,6557,182,3,13773,6165,6035
349,350,6569,University of Liberia,Liberia,14983,8183,5188,6569,183,1,14983,8183,5188
350,351,6588,Ecole Superieure Polytechnique de Dakar,Tunisia,15756,7428,5527,6588,184,3,15756,7428,5527
351,352,6601,Botho University,Botswana,14579,8183,5270,6601,185,4,14579,8183,5270
352,353,6619,University of Kordofan,Sudan,18948,6512,5362,6619,410,10,18948,6512,5362
353,354,6625,École Supérieure des Industries du Textile et de l'Habillement,South Africa,15048,8183,5230,6625,411,30,15048,8183,5230
354,355,6669,École Nationale Supérieure de Technologie,South Africa,20698,5308,5362,6669,413,49,20698,5308,5362
355,356,6697,Ndejje University,Uganda,9356,8183,6035,6697,186,10,9356,8183,6035
356,357,6697,Nasarawa State University,Egypt,10637,3131,6862,6697,187,54,10637,3131,6862
357,358,6766,(3) University of Malawi College of Medicine Liverpool Wellcome Trust,Sudan,6120,4614,7237,6766,188,3,6120,4614,7237
358,359,6770,Babcock University,Nigeria,8328,1973,7237,6770,189,55,8328,1973,7237
359,360,6770,Federal University Lafia Nasarawa State,Uganda,6723,3866,7237,6770,190,56,6723,3866,7237
360,361,6774,Université d'Oran 2 Mohamed Ben Ahmed,South Africa,12819,8183,5641,6774,417,50,12819,8183,5641
361,362,6781,Lagos State Polytechnic,Nigeria,4201,6841,7237,6781,191,57,4201,6841,7237
362,363,6781,Mountains of the Moon University,Uganda,15045,7551,5709,6781,192,11,15045,7551,5709
363,364,6803,University of Medical Sciences & Technology,Tunisia,19313,6112,5527,6803,419,11,19313,6112,5527
364,365,6803,Tobruk University,Ethiopia,5266,5803,7237,6803,420,9,5266,5803,7237
365,366,6863,South Eastern Kenya University,Kenya,7337,3403,7237,6863,193,17,7337,3403,7237
366,367,6872,Universidade Lúrio,Mozambique,16980,7485,5527,6872,194,3,16980,7485,5527
367,368,6883,Sirte University (Al Tahadi University),Tunisia,17256,4585,6035,6883,424,10,17256,4585,6035
368,369,6902,Red Sea University,Sudan,17910,8183,4991,6902,426,12,17910,8183,4991
369,370,6908,Ecole Nationale Supérieure de Biotechnologie de Constantine,Uganda,22662,6463,4991,6908,427,51,22662,6463,4991
370,371,6942,Alasmarya Islamic University,Ghana,16934,4337,6156,6942,429,11,16934,4337,6156
371,372,6981,École Normale Supérieure de Kouba,Ghana,18674,6108,5709,6981,430,52,18674,6108,5709
372,373,7058,Université Française d'Egypte,South Africa,13987,8183,5641,7058,432,53,13987,8183,5641
373,374,7120,Meru University of Science & Technology,Ethiopia,7406,4383,7237,7120,195,18,7406,4383,7237
374,375,7122,Federal University Ndufu Alike Ikwo FUNAI,Uganda,9272,2342,7237,7122,196,58,9272,2342,7237
375,376,7126,Future University of Sudan,Sudan,11116,8183,6035,7126,434,13,11116,8183,6035
376,377,7126,International Open University,Ethiopia,2635,8183,7237,7126,435,2,2635,8183,7237
377,378,7139,Umaru Musa Yar'Adua University (Katsina State University),Egypt,7888,3925,7237,7139,197,59,7888,3925,7237
378,379,7162,Universidade Pedagógica,Mozambique,13342,8183,5778,7162,198,4,13342,8183,5778
379,380,7170,Université Catholique d'Afrique Centrale,Kenya,15698,8183,5457,7170,199,8,15698,8183,5457
380,381,7182,Dedan Kimathi University of Technology (Kimathi University College of Technology),Nigeria,8025,3916,7237,7182,200,19,8025,3916,7237
381,382,7186,Université Alioune Diop de Bambey,Senegal,14931,5975,6291,7186,201,4,14931,5975,6291
382,383,7191,École Supérieure de Commerce et des Affaires ESCA,South Africa,13464,8183,5778,7191,439,31,13464,8183,5778
383,384,7199,Federal University Kashere Gombe State,South Africa,7828,4213,7237,7199,202,60,7828,4213,7237
384,385,7215,Enugu State University of Science & Technology,Sudan,9537,2405,7237,7215,203,61,9537,2405,7237
385,386,7267,(3) Makerere University Business School,Kenya,7743,4484,7237,7267,204,12,7743,4484,7237
386,387,7274,Bowen University,Nigeria,9295,2794,7237,7274,205,62,9295,2794,7237
387,388,7274,Université de Yaoundé II,Cameroon,17140,8183,5315,7274,206,9,17140,8183,5315
388,389,7361,Thomas Adewumi University Oko-Irese,Zimbabwe,3016,8183,7237,7361,207,63,3016,8183,7237
389,390,7383,Karary University,Egypt,19244,6914,5641,7383,448,14,19244,6914,5641
390,391,7392,Centre Universitaire de Mila,Sudan,15078,8183,5641,7392,449,53,15078,8183,5641
391,392,7411,Sadat Academy for Management Sciences,Egypt,16430,8183,5457,7411,450,54,16430,8183,5457
392,393,7472,Université de Thiès,Senegal,16372,8101,5583,7472,208,5,16372,8101,5583
393,394,7498,Universidade Agostinho Neto,Kenya,13685,8183,5861,7498,209,1,13685,8183,5861
394,395,7498,Mashreq University,Egypt,3233,8183,7237,7498,452,15,3233,8183,7237
395,396,7498,(3) Université de Carthage Institut des Hautes Etudes Commerciales de Carthage,Nigeria,18962,8183,5152,7498,453,22,18962,8183,5152
396,397,7523,Lagos Business School Pan Atlantic University,Zimbabwe,7424,5488,7237,7523,210,64,7424,5488,7237
397,398,7529,Federal University Dutsin Ma,Tunisia,9900,2888,7237,7529,211,65,9900,2888,7237
398,399,7537,(3) Université de Carthage Faculté des Sciences Économiques et de Gestion de Nabeul,Tunisia,21973,8183,4617,7537,456,23,21973,8183,4617
399,400,7574,University of Health and Allied Sciences,Uganda,10589,2367,7237,7574,212,11,10589,2367,7237
400,401,7604,Akhbar El Yom Academy,Egypt,21856,8183,4694,7604,457,55,21856,8183,4694
401,402,7621,Université de Tissemsilt Ahmed ben yahia el-wancharissi,Kenya,23384,8183,4372,7621,458,54,23384,8183,4372
402,403,7635,Universite Assane Seck Ziguinchor,Zimbabwe,18530,8183,5270,7635,213,6,18530,8183,5270
403,404,7635,Nelson Mandela African Institute of Science & Technology,Tunisia,10119,2943,7237,7635,214,11,10119,2943,7237
404,405,7640,Université Gamal Abdel Nasser de Conakry,Guinea,20523,8183,4954,7640,215,1,20523,8183,4954
405,406,7656,Ahfad University for Women,Sudan,16329,8183,5583,7656,460,16,16329,8183,5583
406,407,7656,Nigerian Defence Academy Kaduna,Ethiopia,9794,3405,7237,7656,216,66,9794,3405,7237
407,408,7656,University of Mpumalanga,Zimbabwe,9104,4133,7237,7656,217,24,9104,4133,7237
408,409,7669,University of Seychelles,Seychelles,14230,8183,5861,7669,218,1,14230,8183,5861
409,410,7699,University of Nyala,Egypt,18726,8183,5270,7699,461,17,18726,8183,5270
410,411,7721,Edo University Iyamho,Ghana,9996,3342,7237,7721,219,67,9996,3342,7237
411,412,7727,École Polytechnique d'Architecture et d'Urbanisme,Zimbabwe,18146,6249,6035,7727,462,55,18146,6249,6035
412,413,7756,University of Medical Sciences Ondo,Tunisia,10487,2891,7237,7756,220,68,10487,2891,7237
413,414,7793,Nile University of Nigeria (Nigerian Turkish Nile University Abuja),South Africa,10242,3239,7237,7793,221,69,10242,3239,7237
414,415,7809,Mangosuthu University of Technology (Technikon),South Africa,8890,4677,7237,7809,222,25,8890,4677,7237
415,416,7840,Pwani University,Kenya,9518,4103,7237,7840,223,20,9518,4103,7237
416,417,7863,Pan African University Lagos,Ethiopia,8810,4868,7237,7863,224,70,8810,4868,7237
417,418,7863,IIE MSA (Monash University South Africa),Tunisia,12307,8183,6156,7863,225,26,12307,8183,6156
418,419,7889,Sol Plaatje University,South Africa,8990,4734,7237,7889,226,27,8990,4734,7237
419,420,7889,Benue State University,Nigeria,10310,3386,7237,7889,227,71,10310,3386,7237
420,421,7897,University of Technology Mauritius,Sudan,13608,7692,6291,7897,228,2,13608,7692,6291
421,422,7897,Veritas University,Nigeria,9274,4466,7237,7897,229,72,9274,4466,7237
422,423,7967,Lilongwe University of Agriculture & Natural Resources LUANAR,Ethiopia,8273,5601,7237,7967,230,4,8273,5601,7237
423,424,8013,Kabarak University,Kenya,9282,4712,7237,8013,231,21,9282,4712,7237
424,425,8013,Chukwuemeka Odumegwu Ojukwu University (Anambra State University of Science & Technology Uli),Ghana,11028,2922,7237,8013,232,73,11028,2922,7237
425,426,8044,Igbinedion University Okada,Uganda,10380,3681,7237,8044,233,74,10380,3681,7237
426,427,8066,Regional Maritime University,Zimbabwe,13659,8183,6035,8066,234,12,13659,8183,6035
427,428,8081,Yaba College of Technology,Nigeria,9408,4755,7237,8081,235,75,9408,4755,7237
428,429,8110,Baze University Kuchigoro,Kenya,10550,3679,7237,8110,237,76,10550,3679,7237
429,430,8110,Ho Technical University,Ghana,9634,4592,7237,8110,238,13,9634,4592,7237
430,431,8119,Gregory University Uturu,Zimbabwe,9002,5225,7237,8119,239,77,9002,5225,7237
431,432,8191,Tai Solarin University of Education,Nigeria,10515,3884,7237,8191,240,78,10515,3884,7237
432,433,8231,Adeleke University Ede,South Africa,9917,4552,7237,8231,241,79,9917,4552,7237
433,434,8312,Bishop Stuart University,Ethiopia,14225,8183,6035,8312,242,13,14225,8183,6035
434,435,8371,Akwa Ibom State University of Technology,Nigeria,12022,2737,7237,8371,243,80,12022,2737,7237
435,436,8385,Kaduna State University,Nigeria,11656,3146,7237,8385,244,81,11656,3146,7237
436,437,8436,Université d'Alger 2,Kenya,13564,8183,6156,8436,474,56,13564,8183,6156
437,438,8465,Central University,South Africa,12524,6183,6862,8465,245,14,12524,6183,6862
438,439,8511,Federal University Otuoke Bayelsa,Ghana,11507,3500,7237,8511,246,82,11507,3500,7237
439,440,8516,Mkwawa University College of Education,Tunisia,19463,8183,5415,8516,247,12,19463,8183,5415
440,441,8523,Uganda Christian University,Uganda,8093,6662,7237,8523,248,14,8093,6662,7237
441,442,8523,Higher Institute of Science and Technology Sabratha,Tunisia,4661,8183,7237,8523,475,12,4661,8183,7237
442,443,8546,Université Nazi Boni,South Africa,21753,8183,5062,8546,249,2,21753,8183,5062
443,444,8559,Université de Bangui,Central African Republic,17334,8183,5709,8559,250,1,17334,8183,5709
444,445,8607,Kano University of Science & Technology Wudil,Nigeria,11293,3910,7237,8607,251,83,11293,3910,7237
445,446,8624,National Ribat University,Sudan,16887,8183,5778,8624,476,18,16887,8183,5778
446,447,8708,(3) Université de Tunis Suptech Ecole Supérieure Privée de Technologie et de Management en Tunisie,Nigeria,4917,8183,7237,8708,477,24,4917,8183,7237
447,448,8715,Ibrahim Badamasi Babangida University Lapai,Nigeria,11975,3455,7237,8715,252,84,11975,3455,7237
448,449,8721,Zimbabwe Open University,Zimbabwe,12942,7497,6598,8721,253,10,12942,7497,6598
449,450,8721,(3) Université de Tunis Ecole Supérieure des Sciences Economiques et Commerciales,Zimbabwe,20223,8183,5362,8721,478,25,20223,8183,5362
450,451,8776,Université Alassane Ouattara,South Africa,16606,8183,5861,8776,254,3,16606,8183,5861
451,452,8801,National University Sudan,Ethiopia,20696,4290,6291,8801,479,19,20696,4290,6291
452,453,8810,Uganda Management Institute,Ethiopia,13726,7247,6598,8810,255,15,13726,7247,6598
453,454,8834,University of Eldoret,Kenya,11928,3767,7237,8834,256,22,11928,3767,7237
454,455,8892,Taraba State University Jalingo,Nigeria,10152,5559,7237,8892,257,85,10152,5559,7237
455,456,8898,Machakos University,Sudan,11763,4087,7237,8898,258,23,11763,4087,7237
456,457,8949,Kibabii University,Kenya,11321,4620,7237,8949,259,24,11321,4620,7237
457,458,8949,University of Energy and Natural Resources,Kenya,12874,3094,7237,8949,260,15,12874,3094,7237
458,459,9008,(3) Université de Sfax Institut Supérieur de Biotechnologies de Sfax,Sudan,24659,8183,4694,9008,483,26,24659,8183,4694
459,460,9008,Kisii University,Kenya,12219,3839,7237,9008,261,25,12219,3839,7237
460,461,9053,École Inter Etats des Sciences et Medecine Veterinaires,Ghana,14815,8183,6156,9053,262,7,14815,8183,6156
461,462,9062,Alexandria Higher Institute for Technology,Nigeria,23201,7512,5415,9062,484,56,23201,7512,5415
